{
  "camera_matrix_parameters": {
    "vision_bottom": {
      "extrinsic_rotations": [
        -1.5,
        0.0,
        -0.15391051769256592
      ]
    },
    "vision_top": {
      "extrinsic_rotations": [
        -3.0,
        2.594430923461914,
        -1.5857782363891602
      ]
    }
  }
}
